timestamp,event
"Mar 30, 2021 @ 08:20:21.936",participantJoined
"Mar 30, 2021 @ 08:20:35.585",participantJoined
"Mar 30, 2021 @ 08:20:43.204",participantJoined
"Mar 30, 2021 @ 08:20:28.658",participantJoined
"Mar 30, 2021 @ 08:20:51.562",participantJoined
"Mar 30, 2021 @ 08:21:03.404",participantJoined
"Mar 30, 2021 @ 08:21:17.037",participantJoined
"Mar 30, 2021 @ 08:21:31.027",participantJoined
"Mar 30, 2021 @ 08:21:50.232",participantJoined
"Mar 30, 2021 @ 08:22:02.614",participantJoined
"Mar 30, 2021 @ 08:22:17.624",participantJoined
